{
    "ST101": {
        "st101_01": [
            -919.7466,
            -4.565231,
            800.71185
        ],
        "st101_02": [
            -910.85376,
            -12.597151,
            1078.5874
        ],
        "st101_03": [
            -1007.8833,
            26.637022,
            884.136
        ],
        "st101_04": [
            -997.3703,
            66.84009,
            778.1621
        ],
        "st101_05": [
            -1038.2782,
            99.177315,
            856.0023
        ],
        "st101_06": [
            -1056.6543,
            19.23118,
            997.2134
        ],
        "st101_07": [
            -684.0986,
            12.053447,
            828.59827
        ],
        "st101_08": [
            -620.06616,
            3.6506279,
            883.92993
        ],
        "st101_09": [
            -599.68225,
            11.810763,
            685.755
        ],
        "st101_10": [
            -439.5195,
            8.324525,
            744.4954
        ],
        "st101_11": [
            -935.6118,
            -2.3411994,
            1180.9783
        ],
        "st101_12": [
            -729.9123,
            7.232611,
            1152.3801
        ],
        "st101_13": [
            -1023.91064,
            20.92313,
            1337.6833
        ],
        "st101_14": [
            -960.1674,
            -60.0712,
            1251.8989
        ],
        "st101_15": [
            -759.71173,
            -58.826077,
            1163.7345
        ],
        "st101_16": [
            -713.80133,
            -13.473921,
            1437.9392
        ],
        "st101_17": [
            -383.27893,
            -19.954575,
            1610.7
        ]
    },
    "ST102": {
        "st102_01": [
            -162.0,
            40.0,
            426.0
        ],
        "st102_02": [
            -105.0,
            35.0,
            270.0
        ],
        "st102_03": [
            60.0,
            35.0,
            320.0
        ],
        "st102_04": [
            146.0,
            35.0,
            324.0
        ],
        "st102_05": [
            -160.0,
            40.0,
            148.0
        ],
        "st102_06": [
            65.0,
            50.0,
            85.0
        ],
        "st102_07": [
            378.0,
            29.0,
            65.0
        ],
        "st102_08": [
            408.0,
            15.0,
            -55.0
        ],
        "st102_09": [
            -140.0,
            49.0,
            52.0
        ],
        "st102_10": [
            -24.0,
            57.0,
            -60.0
        ],
        "st102_11": [
            231.0,
            147.0,
            74.0
        ],
        "st102_12": [
            238.0,
            75.0,
            -74.0
        ],
        "st102_13": [
            133.0,
            80.0,
            -250.0
        ],
        "st102_14": [
            183.2244,
            123.85136,
            -301.6655
        ],
        "st102_15": [
            -24.193121,
            83.395706,
            -459.46222
        ],
        "st102_16": [
            -188.12689,
            145.26898,
            -490.46313
        ],
        "st102_17": [
            48.0,
            202.0,
            -590.0
        ],
        "st102_18": [
            127.838135,
            111.74295,
            25.128252
        ]
    },
    "ST103": {
        "st103_00": [
            0.0,
            0.0,
            0.0
        ],
        "st103_01": [
            725.0,
            -20.0,
            -101.0
        ],
        "st103_02": [
            880.0,
            -60.0,
            10.0
        ],
        "st103_03": [
            933.0,
            -56.0,
            -80.0
        ],
        "st103_04": [
            1090.0,
            -85.0,
            10.0
        ],
        "st103_05": [
            980.0,
            -50.0,
            100.0
        ],
        "st103_06": [
            1190.0,
            -3.0,
            76.0
        ],
        "st103_07": [
            1009.0,
            -85.0,
            -245.0
        ],
        "st103_08": [
            902.0,
            -110.0,
            -166.0
        ],
        "st103_09": [
            957.0,
            -105.0,
            -31.0
        ],
        "st103_10": [
            778.0,
            -127.0,
            -181.0
        ],
        "st103_11": [
            862.0,
            -114.0,
            118.0
        ],
        "st103_12": [
            822.0,
            -156.0,
            -50.0
        ],
        "st103_13": [
            972.0,
            -167.0,
            -77.0
        ],
        "st103_14": [
            896.0,
            -186.0,
            72.0
        ],
        "st103_15": [
            1064.0,
            -193.0,
            0.0
        ],
        "st103_16": [
            704.0,
            -194.0,
            93.0
        ],
        "st103_17": [
            1230.0,
            -204.0,
            26.0
        ],
        "st103_18": [
            978.0,
            -204.0,
            145.0
        ]
    },
    "ST104": {},
    "ST105": {
        "st105_01": [
            -57.392406,
            -33.377365,
            -57.22487
        ],
        "st105_02": [
            -120.30822,
            -67.45747,
            28.872145
        ],
        "st105_03": [
            -36.64701,
            -57.374046,
            29.754517
        ],
        "st105_04": [
            -140.25102,
            -67.56525,
            32.546295
        ],
        "st105_05": [
            -45.884747,
            -74.907936,
            116.71426
        ],
        "st105_06": [
            -20.001392,
            -93.419655,
            35.251564
        ],
        "st105_07": [
            -19.45993,
            -147.87343,
            -103.07474
        ],
        "st105_08": [
            -78.25657,
            -164.81169,
            -33.841972
        ],
        "st105_09": [
            -6.2212315,
            -184.43538,
            91.60071
        ],
        "st105_10": [
            47.259804,
            -205.9813,
            85.91704
        ],
        "st105_11": [
            126.19661,
            -216.2659,
            103.59981
        ],
        "st105_12": [
            -160.73444,
            -256.64386,
            -70.3474
        ],
        "st105_13": [
            -79.22473,
            -251.68236,
            -20.276674
        ],
        "st105_14": [
            -31.596294,
            -287.8923,
            59.355495
        ],
        "st105_15": [
            33.2423,
            -280.65152,
            27.337843
        ]
    },
    "ST201": {},
    "ST202": {},
    "STXXX": {},
    "ST203": {},
    "ST204": {},
    "ST404": {},
    "ST401": {},
    "ST403": {},
    "ST502": {},
    "ST503": {},
    "ST402": {}
}