{
    "st101_01": [
        -919.7466,
        -4.565231,
        800.71185
    ],
    "st101_02": [
        -910.85376,
        -12.597151,
        1078.5874
    ],
    "st101_03": [
        -1007.8833,
        26.637022,
        884.136
    ],
    "st101_04": [
        -997.3703,
        66.84009,
        778.1621
    ],
    "st101_05": [
        -1038.2782,
        99.177315,
        856.0023
    ],
    "st101_06": [
        -1056.6543,
        19.23118,
        997.2134
    ],
    "st101_07": [
        -684.0986,
        12.053447,
        828.59827
    ],
    "st101_08": [
        -620.06616,
        3.6506279,
        883.92993
    ],
    "st101_09": [
        -599.68225,
        11.810763,
        685.755
    ],
    "st101_10": [
        -439.5195,
        8.324525,
        744.4954
    ],
    "st101_11": [
        -935.6118,
        -2.3411994,
        1180.9783
    ],
    "st101_12": [
        -729.9123,
        7.232611,
        1152.3801
    ],
    "st101_13": [
        -1023.91064,
        20.92313,
        1337.6833
    ],
    "st101_14": [
        -960.1674,
        -60.0712,
        1251.8989
    ],
    "st101_15": [
        -759.71173,
        -58.826077,
        1163.7345
    ],
    "st101_16": [
        -713.80133,
        -13.473921,
        1437.9392
    ],
    "st101_17": [
        -383.27893,
        -19.954575,
        1610.7
    ],
    "st102_01": [
        -162.0,
        40.0,
        426.0
    ],
    "st102_02": [
        -105.0,
        35.0,
        270.0
    ],
    "st102_03": [
        60.0,
        35.0,
        320.0
    ],
    "st102_04": [
        146.0,
        35.0,
        324.0
    ],
    "st102_05": [
        -160.0,
        40.0,
        148.0
    ],
    "st102_06": [
        65.0,
        50.0,
        85.0
    ],
    "st102_07": [
        378.0,
        29.0,
        65.0
    ],
    "st102_08": [
        408.0,
        15.0,
        -55.0
    ],
    "st102_09": [
        -140.0,
        49.0,
        52.0
    ],
    "st102_10": [
        -24.0,
        57.0,
        -60.0
    ],
    "st102_11": [
        231.0,
        147.0,
        74.0
    ],
    "st102_12": [
        238.0,
        75.0,
        -74.0
    ],
    "st102_13": [
        133.0,
        80.0,
        -250.0
    ],
    "st102_14": [
        183.2244,
        123.85136,
        -301.6655
    ],
    "st102_15": [
        -24.193121,
        83.395706,
        -459.46222
    ],
    "st102_16": [
        -188.12689,
        145.26898,
        -490.46313
    ],
    "st102_17": [
        48.0,
        202.0,
        -590.0
    ],
    "st102_18": [
        127.838135,
        111.74295,
        25.128252
    ],
    "INVALID": [
        33.2423,
        -280.65152,
        27.337843
    ]
}