{
    "EM5001_00_0": [
        [
            -500.3074035644531,
            1.038915991783142,
            801.2647094726562
        ],
        [
            -495.8778991699219,
            3.324068069458008,
            778.3876953125
        ],
        [
            -472.4643859863281,
            4.519114971160889,
            794.0625
        ],
        [
            -915.3506469726562,
            6.531298637390137,
            1328.097412109375
        ]
    ],
    "EM5002_00_0": [
        [
            -933.7880249023438,
            5.582799911499023,
            1325.47705078125
        ],
        [
            -950.4912109375,
            6.64335823059082,
            1347.968017578125
        ],
        [
            -467.7972106933594,
            12.461819648742676,
            698.3864135742188
        ],
        [
            -466.3243103027344,
            9.849132537841797,
            732.2653198242188
        ],
        [
            -558.8399047851562,
            1.5300936698913574,
            866.2797241210938
        ],
        [
            -570.7525634765625,
            1.738499641418457,
            883.2305908203125
        ]
    ],
    "EM5002_01_0": [
        [
            -465.7510070800781,
            7.344604015350342,
            763.7203979492188
        ],
        [
            -949.9343872070312,
            5.8233418464660645,
            1316.488037109375
        ]
    ],
    "EM5003_00_0": [
        [
            -912.764892578125,
            0.9016371965408325,
            900.9876098632812
        ],
        [
            -928.8186645507812,
            -6.904845237731934,
            1064.9251708984375
        ],
        [
            -740.2692260742188,
            -50.902549743652344,
            1179.968994140625
        ],
        [
            -894.4808349609375,
            -10.421173095703125,
            1073.6944580078125
        ],
        [
            -509.060302734375,
            4.266511917114258,
            873.3466796875
        ],
        [
            -929.0501098632812,
            -4.3262529373168945,
            808.5109252929688
        ],
        [
            -891.6297607421875,
            21.509902954101562,
            1321.4698486328125
        ],
        [
            -968.6712036132812,
            14.588927268981934,
            1287.1549072265625
        ],
        [
            -801.751220703125,
            -1.9491429328918457,
            1357.0703125
        ],
        [
            -891.157958984375,
            -25.405227661132812,
            764.765625
        ],
        [
            -885.3383178710938,
            -0.8154424428939819,
            776.3369750976562
        ]
    ],
    "EM5005_00_0": [
        [
            -618.389892578125,
            8.65088939666748,
            821.8571166992188
        ],
        [
            -794.276123046875,
            22.00920867919922,
            872.7825927734375
        ],
        [
            -846.7965087890625,
            8.56312084197998,
            761.9591064453125
        ],
        [
            -897.615966796875,
            5.04855489730835,
            902.8506469726562
        ],
        [
            -939.82861328125,
            -4.6176300048828125,
            1066.0009765625
        ],
        [
            -1048.095947265625,
            78.67528533935547,
            756.2041625976562
        ],
        [
            -903.094970703125,
            -5.240002155303955,
            1107.062255859375
        ],
        [
            -930.2646484375,
            -5.106963157653809,
            1054.6885986328125
        ],
        [
            -966.1815185546875,
            4.937070846557617,
            1004.9039916992188
        ],
        [
            -897.1893310546875,
            2.7607083320617676,
            863.2778930664062
        ],
        [
            -923.9481201171875,
            0.09440267086029053,
            831.9229125976562
        ],
        [
            -920.5326538085938,
            -3.4071993827819824,
            860.692138671875
        ],
        [
            -910.156982421875,
            2.149733066558838,
            858.4972534179688
        ],
        [
            -860.1065673828125,
            2.6605303287506104,
            750.448486328125
        ],
        [
            -778.1834106445312,
            22.405580520629883,
            838.4764404296875
        ],
        [
            -696.2144775390625,
            10.62356948852539,
            931.1956176757812
        ],
        [
            -699.6033325195312,
            12.3970947265625,
            922.857177734375
        ],
        [
            -699.8077392578125,
            12.344019889831543,
            921.8162231445312
        ],
        [
            -702.8588256835938,
            12.026251792907715,
            938.3260498046875
        ],
        [
            -941.3038940429688,
            -1.6384437084197998,
            785.5029907226562
        ],
        [
            -961.052978515625,
            5.966419696807861,
            1164.8226318359375
        ],
        [
            -1025.9835205078125,
            14.814271926879883,
            1117.397216796875
        ],
        [
            -718.8185424804688,
            -0.9051349759101868,
            1379.3529052734375
        ],
        [
            -716.8037719726562,
            -0.24612732231616974,
            1384.897216796875
        ],
        [
            -774.4769287109375,
            -47.17546844482422,
            1208.499755859375
        ],
        [
            -591.63134765625,
            -7.167049884796143,
            1545.0601806640625
        ],
        [
            -578.3102416992188,
            -7.899894714355469,
            1551.0164794921875
        ]
    ],
    "EM5006_00_0": [
        [
            -487.08660888671875,
            0.7671999931335449,
            873.9896240234375
        ],
        [
            -713.903076171875,
            11.92164134979248,
            922.6104736328125
        ],
        [
            -1018.7550659179688,
            13.94812297821045,
            1029.9061279296875
        ],
        [
            -911.3516845703125,
            -1.0242723226547241,
            1196.7698974609375
        ],
        [
            -728.0245971679688,
            15.925450325012207,
            825.48291015625
        ],
        [
            -949.2144165039062,
            -5.446057319641113,
            840.75830078125
        ],
        [
            -965.23583984375,
            11.928829193115234,
            917.8568725585938
        ],
        [
            -588.2150268554688,
            8.051196098327637,
            742.9292602539062
        ],
        [
            -708.4483032226562,
            -11.435060501098633,
            1422.7568359375
        ],
        [
            -548.3942260742188,
            -15.867818832397461,
            1579.2757568359375
        ]
    ],